id,gender,origin,chechen,russian,english,german,turkish,arabic,record_status,auto_merge_people
ce-name-aishat,female,arabic,Ӏайшат,Айшат,Aishat,Aishat,Ayşe,عائشة,ATTESTED_PRIMARY_SOURCE,false
ce-name-aminat,female,arabic,Аминат,Аминат,Aminat,Aminat,Emine,أمينة,ATTESTED_PRIMARY_SOURCE,false
ce-name-petimat,female,arabic,ПетӀимат,Петимат,Petimat,Petimat,Fatma,فاطمة,ATTESTED_PRIMARY_SOURCE,false
ce-name-khadizhat,female,arabic,Хадижат,Хадижат,Khadizhat,Khadizhat,Hatice,خديجة,ATTESTED_PRIMARY_SOURCE,false
ce-name-zainap,female,arabic,Зайнап,Зайнап,Zainap,Zainap,Zeynep,زينب,ATTESTED_PRIMARY_SOURCE,false
ce-name-maryam,female,semitic_arabic,Марем,Марьям,Maryam,Maryam,Meryem,مريم,ATTESTED_PRIMARY_SOURCE,false
ce-name-layla,female,arabic,Лайла,Лайла,Layla,Layla,Leyla,ليلى,ATTESTED_PRIMARY_SOURCE,false
ce-name-zukhra,female,arabic_persian,ЗухӀра,Зухра,Zukhra,Zukhra,Zühre,زهرة,ATTESTED_PRIMARY_SOURCE,false
ce-name-madina,female,arabic,Медина,Мадина,Madina,Madina,Medine,مدينة,ATTESTED_PRIMARY_SOURCE,false
ce-name-malika,female,arabic,Малика,Малика,Malika,Malika,Melike,مليكة,ATTESTED_PRIMARY_SOURCE,false
ce-name-rukiyat,female,arabic,Рукьият,Рукият,Rukiyat,Rukiyat,Rukiye,رقية,ATTESTED_PRIMARY_SOURCE,false
ce-name-sekinat,female,arabic,Секинат,Секинат,Sekinat,Sekinat,Sekine,سكينة,ATTESTED_PRIMARY_SOURCE,false
ce-name-kulsum,female,arabic,Кулсум,Кулсум,Kulsum,Kulsum,Gülsüm,كلثوم,ATTESTED_PRIMARY_SOURCE,false
ce-name-bilqiz,female,arabic,Билкъиз,Билкис,Bilqiz,Bilqiz,Belkıs,بلقيس,ATTESTED_PRIMARY_SOURCE,false
ce-name-zelikha,female,persian_arabic_tradition,Зелиха,Зелиха,Zelikha,Zelikha,Züleyha,زليخا,ATTESTED_PRIMARY_SOURCE,false
ce-name-aset,female,arabic_or_regional,Асет,Асет,Aset,Aset,Asiye,آسية,ATTESTED_PRIMARY_SOURCE,false
ce-name-zhamilat,female,arabic,Жамилат,Жемилат,Zhamilat,Zhamilat,Cemile,جميلة,ATTESTED_PRIMARY_SOURCE,false
ce-name-rebiat,female,arabic,РебиӀат,Ребиат,Rebiat,Rebiat,Rabia,,ATTESTED_PRIMARY_SOURCE,false
ce-name-rakhimat,female,arabic,Рахьимат,Рахимат,Rakhimat,Rakhimat,Rahime,رحيمة,ATTESTED_PRIMARY_SOURCE,false
ce-name-khava,female,semitic_arabic,Хъава,Хава,Khava,Khava,Havva,حواء,ATTESTED_PRIMARY_SOURCE,false
ce-name-selimat,female,arabic,Селимат,Селимат,Selimat,Selimat,Selime,سليمة,ATTESTED_PRIMARY_SOURCE,false
ce-name-selikhat,female,arabic,Селихьат,Селихат,Selikhat,Selikhat,Saliha,صالحة,ATTESTED_PRIMARY_SOURCE,false
ce-name-khasipat,female,arabic,Хьасипат,Хасипат,Khasipat,Khasipat,Hasibe,حسيبة,ATTESTED_PRIMARY_SOURCE,false
ce-name-muminat,female,arabic,Муъминат,Муминат,Muminat,Muminat,Mümine,مؤمنة,ATTESTED_PRIMARY_SOURCE,false
ce-name-maimonat,female,arabic,Маймонат,Маймонат,Maimonat,Maimonat,Meymune,ميمونة,ATTESTED_PRIMARY_SOURCE,false
ce-name-fariza,female,persian_arabic,Перза,Фариза,Fariza,Fariza,Fariza,,ATTESTED_PRIMARY_SOURCE,false
ce-name-perizat,female,persian,Перизат,Перизат,Perizat,Perizat,Perizat,,ATTESTED_PRIMARY_SOURCE,false
ce-name-sultanat,female,arabic_turkic,Султанат,Султанат,Sultanat,Sultanat,Sultanat,سلطانة,ATTESTED_PRIMARY_SOURCE,false
ce-name-elisa,female,western_borrowing,Элиса,Элиса,Elisa,Elisa,Elisa,,ATTESTED_PRIMARY_SOURCE,false
ce-name-elza,female,western_borrowing,Эльза,Эльза,Elza,Elza,Elza,,ATTESTED_PRIMARY_SOURCE,false
ce-name-enisa,female,regional_or_arabic,Эниса,Эниса,Enisa,Enisa,Enise,,ATTESTED_PRIMARY_SOURCE,false
ce-name-deti,female,native_chechen,Дети,Дети,Deti,Deti,Deti,,ATTESTED_PRIMARY_SOURCE,false
ce-name-deshi,female,native_chechen,Деши,Деши,Deshi,Deshi,Deshi,,ATTESTED_PRIMARY_SOURCE,false
ce-name-zhovkhar,female,native_chechen,ЖовхӀар,Жовхар,Zhovkhar,Zhovkhar,Zhovkhar,,ATTESTED_PRIMARY_SOURCE,false
ce-name-zezag,female,native_chechen,Зезаг,Зезаг,Zezag,Zezag,Zezag,,ATTESTED_PRIMARY_SOURCE,false
ce-name-zaza,female,native_chechen,Заза,Заза,Zaza,Zaza,Zaza,,ATTESTED_PRIMARY_SOURCE,false
ce-name-polla,female,native_chechen,Полла,Полла,Polla,Polla,Polla,,ATTESTED_PRIMARY_SOURCE,false
ce-name-yakha,female,native_chechen,Яха,Яха,Yakha,Yakha,Yakha,,ATTESTED_PRIMARY_SOURCE,false
ce-name-yakhiyta,female,native_chechen,Яхийта,Яхийта,Yakhiyta,Yakhiyta,Yakhiyta,,ATTESTED_PRIMARY_SOURCE,false
ce-name-chovka,female,native_chechen,Човка,Човка,Chovka,Chovka,Chovka,,ATTESTED_PRIMARY_SOURCE,false
ce-name-khokha,female,native_chechen,Кхокха,Кхокха,Khokha,Khokha,Khokha,,ATTESTED_PRIMARY_SOURCE,false
ce-name-aibika,female,regional,Айбика,Айбика,Aibika,Aibika,Aybike,,ATTESTED_PRIMARY_SOURCE,false
ce-name-alpatu,female,native_or_regional,Алпату,Алпату,Alpatu,Alpatu,Alpatu,,ATTESTED_PRIMARY_SOURCE,false
ce-name-baisari,female,native_or_regional,Байсари,Байсари,Baisari,Baisari,Baisari,,ATTESTED_PRIMARY_SOURCE,false
ce-name-dagman,female,native_or_regional,Дагман,Дагман,Dagman,Dagman,Dagman,,ATTESTED_PRIMARY_SOURCE,false
ce-name-zhovsari,female,native_or_regional,Жовсари,Жовсари,Zhovsari,Zhovsari,Zhovsari,,ATTESTED_PRIMARY_SOURCE,false
ce-name-kamsari,female,native_or_regional,Камсари,Камсари,Kamsari,Kamsari,Kamsari,,ATTESTED_PRIMARY_SOURCE,false
ce-name-marzet,female,native_or_regional,Марзет,Марзет,Marzet,Marzet,Marzet,,ATTESTED_PRIMARY_SOURCE,false
ce-name-nanash,female,native_chechen,Нанаш,Нанаш,Nanash,Nanash,Nanash,,ATTESTED_PRIMARY_SOURCE,false
ce-name-siilzhan,female,native_or_regional,Сийлжан,Силжан,Siilzhan,Siilzhan,Siilzhan,,ATTESTED_PRIMARY_SOURCE,false
ce-name-tovsari,female,native_or_regional,Товсари,Товсари,Tovsari,Tovsari,Tovsari,,ATTESTED_PRIMARY_SOURCE,false
ce-name-yazara,female,native_or_regional,Язара,Язара,Yazara,Yazara,Yazara,,ATTESTED_PRIMARY_SOURCE,false
ce-name-yazura,female,native_or_regional,Язура,Язура,Yazura,Yazura,Yazura,,ATTESTED_PRIMARY_SOURCE,false
ce-name-vaha,male,native_chechen,Ваха,Ваха,Vaha,Vaha,Vaha,,ATTESTED_PRIMARY_SOURCE,false
ce-name-vakhiyta,male,native_chechen,Вахийта,Вахийта,Vakhiyta,Vakhiyta,Vakhiyta,,ATTESTED_PRIMARY_SOURCE,false
ce-name-lecha,male,native_chechen,Леча,Леча,Lecha,Lecha,Lecha,,ATTESTED_PRIMARY_SOURCE,false
ce-name-borz,male,native_chechen,Борз,Борз,Borz,Borz,Borz,,ATTESTED_PRIMARY_SOURCE,false
ce-name-kuira,male,native_chechen,Куьра,Куьра,Kuira,Kuira,Kuira,,ATTESTED_PRIMARY_SOURCE,false
ce-name-dika,male,native_chechen,Дика,Дика,Dika,Dika,Dika,,ATTESTED_PRIMARY_SOURCE,false
ce-name-veza,male,native_chechen,Веза,Веза,Veza,Veza,Veza,,ATTESTED_PRIMARY_SOURCE,false
ce-name-visa,male,native_chechen,Виса,Виса,Visa,Visa,Visa,,ATTESTED_PRIMARY_SOURCE,false
ce-name-visar,male,native_chechen,Висар,Висар,Visar,Visar,Visar,,ATTESTED_PRIMARY_SOURCE,false
ce-name-visita,male,native_chechen,Висита,Висита,Visita,Visita,Visita,,ATTESTED_PRIMARY_SOURCE,false
ce-name-akhmad,male,arabic,Ахьмад,Ахмат,Akhmad,Akhmad,Ahmet,أحمد,ATTESTED_PRIMARY_SOURCE,false
ce-name-adam,male,semitic,Адам,Адам,Adam,Adam,Adem,آدم,ATTESTED_PRIMARY_SOURCE,false
ce-name-abubakar,male,arabic,Абубакар,Абубакар,Abubakar,Abubakar,Ebubekir,أبو بكر,ATTESTED_PRIMARY_SOURCE,false
ce-name-abdurakhman,male,arabic,Ӏабдурахьман,Абдурахман,Abdurakhman,Abdurakhman,Abdurrahman,عبد الرحمن,ATTESTED_PRIMARY_SOURCE,false
ce-name-ibrahim,male,semitic_arabic,ИбрахӀим,Ибрагим,Ibragim,Ibragim,İbrahim,إبراهيم,ATTESTED_PRIMARY_SOURCE,false
ce-name-idris,male,semitic_arabic,Идрис,Идрис,Idris,Idris,İdris,إدريس,ATTESTED_PRIMARY_SOURCE,false
ce-name-isa,male,semitic_arabic,Ӏиса,Иса,Isa,Isa,İsa,عيسى,ATTESTED_PRIMARY_SOURCE,false
ce-name-islam,male,arabic,Ислам,Ислам,Islam,Islam,İslam,إسلام,ATTESTED_PRIMARY_SOURCE,false
ce-name-ismail,male,semitic_arabic,ИсмаьӀил,Исмаил,Ismail,Ismail,İsmail,إسماعيل,ATTESTED_PRIMARY_SOURCE,false
ce-name-imran,male,semitic_arabic,Ӏимран,Имран,Imran,Imran,İmran,عمران,ATTESTED_PRIMARY_SOURCE,false
ce-name-khalid,male,arabic,Халид,Халид,Khalid,Khalid,Halid,خالد,ATTESTED_PRIMARY_SOURCE,false
ce-name-khasan,male,arabic,Хьасан,Хасан,Khasan,Khasan,Hasan,حسن,ATTESTED_PRIMARY_SOURCE,false
ce-name-khamzat,male,arabic,Хьамзат,Хамзат,Khamzat,Khamzat,Hamza,حمزة,ATTESTED_PRIMARY_SOURCE,false
ce-name-musa,male,semitic_arabic,Муса,Муса,Musa,Musa,Musa,موسى,ATTESTED_PRIMARY_SOURCE,false
ce-name-mokhmad,male,arabic,Мохьмад,Магомед,Mokhmad,Mokhmad,Muhammed,محمد,ATTESTED_PRIMARY_SOURCE,false
ce-name-ramzan,male,arabic,Рамзан,Рамазан,Ramzan,Ramzan,Ramazan,رمضان,ATTESTED_PRIMARY_SOURCE,false
ce-name-rashed,male,arabic,Рашед,Рашид,Rashed,Rashed,Raşid,رشيد,ATTESTED_PRIMARY_SOURCE,false
ce-name-said,male,arabic,СаьӀид,Саид,Said,Said,Said,سعيد,ATTESTED_PRIMARY_SOURCE,false
ce-name-suleiman,male,semitic_arabic,Сулима,Сулейман,Sulima,Sulima,Süleyman,سليمان,ATTESTED_PRIMARY_SOURCE,false
ce-name-yunus,male,semitic_arabic,Юнус,Юнус,Yunus,Yunus,Yunus,يونس,ATTESTED_PRIMARY_SOURCE,false
ce-name-yusup,male,semitic_arabic,Юсуп,Юсуп,Yusup,Yusup,Yusuf,يوسف,ATTESTED_PRIMARY_SOURCE,false
ce-name-yakub,male,semitic_arabic,Якъуб,Якуб,Yakub,Yakub,Yakup,يعقوب,ATTESTED_PRIMARY_SOURCE,false
ce-name-bilal,male,arabic,Билал,Билал,Bilal,Bilal,Bilal,بلال,ATTESTED_PRIMARY_SOURCE,false
ce-name-daud,male,semitic_arabic,Дауд,Дауд,Daud,Daud,Davut,داود,ATTESTED_PRIMARY_SOURCE,false
ce-name-osman,male,arabic,Осман,Осман,Osman,Osman,Osman,عثمان,ATTESTED_PRIMARY_SOURCE,false
ce-name-umar,male,arabic,Ӏумар,Омар,Umar,Umar,Ömer,عمر,ATTESTED_PRIMARY_SOURCE,false
ce-name-shamil,male,arabic_or_regional,Шемил,Шамиль,Shemil,Shemil,Şamil,شامل,ATTESTED_PRIMARY_SOURCE,false
ce-name-shuaib,male,semitic_arabic,ШоӀип,Шугаип,Shoip,Shoip,Şuayb,شعيب,ATTESTED_PRIMARY_SOURCE,false
ce-name-jabrail,male,semitic_arabic,Джабраьил,Джабраил,Dzhabrail,Dzhabrail,Cebrail,جبريل,ATTESTED_PRIMARY_SOURCE,false
ce-name-zaur,male,regional_caucasian,Заур,Заур,Zaur,Zaur,Zaur,,ATTESTED_PRIMARY_SOURCE,false
ce-name-anzor,male,regional_caucasian,Анзор,Анзор,Anzor,Anzor,Anzor,,ATTESTED_PRIMARY_SOURCE,false
ce-name-beka,male,regional_caucasian,Бека,Бека,Beka,Beka,Beka,,ATTESTED_PRIMARY_SOURCE,false
ce-name-beksolta,male,turkic_regional,Бексолта,Бексолтан,Beksolta,Beksolta,Beksolta,,ATTESTED_PRIMARY_SOURCE,false
ce-name-surkho,male,native_or_regional,Сурхо,Сурхо,Surkho,Surkho,Surkho,,ATTESTED_PRIMARY_SOURCE,false
ce-name-movsar,male,native_or_regional,Мовсар,Мовсар,Movsar,Movsar,Movsar,,ATTESTED_PRIMARY_SOURCE,false
